Image_Name,Serial_No
1622603162_0.jpg,Ezz58411
1623370619_0.jpg,63113879
1623372505_0.jpg,75382
1623373578_0.jpg,1284`
1623375167_0.jpg,31040176
1623377917_0.jpg,Unable to read serial no
1623378080_0.jpg,21348322
1623378516_0.jpg,21348322
1623378846_0.jpg,037622167
1623379074_0.jpg,3166806
1623380464_0.jpg,10053360
1623381606_0.jpg,Unable to read serial no
1623385560_0.jpg,3301
1623387508_0.jpg,565
1623388359_0.jpg,21043479
1623389185_0.jpg,11241297
1623391183_0.jpg,3603324
1623392964_0.jpg,8008
1623394746_0.jpg,387
1623395973_0.jpg,2138991
1623396672_0.jpg,3924003
1623397626_0.jpg,10358557
1623397782_0.jpg,21366420
1623398111_0.jpg,Unable to read serial no
1623399315_0.jpg,3212987
1623399668_0.jpg,63899622
1623404193_0.jpg,2356552
1623406784_0.jpg,63213941
1623407355_0.jpg,10189936
1623407454_0.jpg,10439245]
1623410422_0.jpg,J081
1623412260_0.jpg,6274851
1623412263_0.jpg,22392463
1623413555_0.jpg,63859318
1623413850_0.jpg,3136045
1623422569_0.jpg,2376381
1623460037_0.jpg,Unable to read serial no
1623468342_0.jpg,63192922
1623469561_0.jpg,Unable to read serial no
1623482945_0.jpg,21899263
1623483081_0.jpg,21899263
1623489917_0.jpg,110008504
1623502442_0.jpg,10192468
1623550024_0.jpg,19292301
1623570624_0.jpg,6770509
1623581342_0.jpg,0307615
1623588341_0.jpg,10079865
